sample,progress_DM,area,age,waist,bmi,sys,dia,DM_FH,htndiag,lipdiag,exercise,drink,smoke,FBS,Hba1c,WBC,Tg,ALT,Cr,M,F,rs4812829,rs780094,rs13266634,rs4402960,rs6467136,rs340874,rs7578326,rs1111875,rs35767,rs1359790,rs4607103,rs7172432,rs864745,rs10423928,rs7754840,rs10811661,rs174550,rs12779790,rs7178572,rs8050136,rs5215,rs4607517,rs7961581,rs515071,rs3923113,rs459193,rs12970134,rs2191349,rs972283,rs1387153,rs7041847
S0001,1,CT,36,71,21.4,111,71,1,0,1,0,0,0,89,5.2,4.8,95,16,0.73,0,1,1,2,0,1,2,0,1,2,0,1,2,0,1,2,0,1,2,0,1,2,0,1,2,0,1,2,0,1,2,0,1
S0002,0,CT,37,72,21.8,112,72,0,1,0,1,0,0,90,5.4,5.1,100,17,0.76,1,0,2,0,1,2,0,1,2,0,1,2,0,1,2,0,1,2,0,1,2,0,1,2,0,1,2,0,1,2,0,1,2
S0003,1,CT,38,73,22.2,113,73,1,0,1,1,1,0,91,5.5,5.4,105,18,0.79,0,1,0,1,2,0,1,2,0,1,2,0,1,2,0,1,2,0,1,2,0,1,2,0,1,2,0,1,2,0,1,2,0
S0004,0,CT,39,74,22.6,114,74,0,1,0,0,1,1,92,5.7,5.7,110,19,0.82,1,0,1,2,0,1,2,0,1,2,0,1,2,0,1,2,0,1,2,0,1,2,0,1,2,0,1,2,0,1,2,0,1
S0005,1,CT,40,75,23.0,115,75,1,0,1,0,1,1,93,5.8,6.0,115,20,0.85,0,1,2,0,1,2,0,1,2,0,1,2,0,1,2,0,1,2,0,1,2,0,1,2,0,1,2,0,1,2,0,1,2
S0006,0,CT,41,76,23.4,116,76,0,1,0,1,0,1,94,6.0,6.3,120,21,0.88,1,0,0,1,2,0,1,2,0,1,2,0,1,2,0,1,2,0,1,2,0,1,2,0,1,2,0,1,2,0,1,2,0
S0007,1,CT,42,77,23.8,117,77,1,0,1,1,0,1,95,6.1,6.6,125,22,0.91,0,1,1,2,0,1,2,0,1,2,0,1,2,0,1,2,0,1,2,0,1,2,0,1,2,0,1,2,0,1,2,0,1
S0008,0,CT,43,78,24.2,118,78,0,1,0,0,0,0,96,6.3,6.9,130,23,0.94,1,0,2,0,1,2,0,1,2,0,1,2,0,1,2,0,1,2,0,1,2,0,1,2,0,1,2,0,1,2,0,1,2
S0009,1,CT,44,79,24.6,119,79,1,0,1,0,1,0,97,6.4,7.2,135,24,0.97,0,1,0,1,2,0,1,2,0,1,2,0,1,2,0,1,2,0,1,2,0,1,2,0,1,2,0,1,2,0,1,2,0
S0010,0,CT,45,80,21.0,120,80,0,1,0,1,1,0,98,5.1,4.5,140,25,1.0,1,0,1,2,0,1,2,0,1,2,0,1,2,0,1,2,0,1,2,0,1,2,0,1,2,0,1,2,0,1,2,0,1
S0011,1,CT,46,81,21.4,121,81,1,0,1,1,1,0,99,5.2,4.8,145,26,1.03,0,1,2,0,1,2,0,1,2,0,1,2,0,1,2,0,1,2,0,1,2,0,1,2,0,1,2,0,1,2,0,1,2
S0012,0,CT,47,82,21.8,122,82,0,1,0,0,0,1,100,5.4,5.1,150,27,1.06,1,0,0,1,2,0,1,2,0,1,2,0,1,2,0,1,2,0,1,2,0,1,2,0,1,2,0,1,2,0,1,2,0
S0013,1,CT,48,83,22.2,123,83,1,0,1,0,0,1,101,5.5,5.4,155,28,1.09,0,1,1,2,0,1,2,0,1,2,0,1,2,0,1,2,0,1,2,0,1,2,0,1,2,0,1,2,0,1,2,0,1
S0014,0,CT,49,84,22.6,124,84,0,1,0,1,0,1,102,5.7,5.7,160,29,1.12,1,0,2,0,1,2,0,1,2,0,1,2,0,1,2,0,1,2,0,1,2,0,1,2,0,1,2,0,1,2,0,1,2
S0015,1,CT,50,70,23.0,125,70,1,0,1,1,1,1,103,5.8,6.0,165,30,0.7,0,1,0,1,2,0,1,2,0,1,2,0,1,2,0,1,2,0,1,2,0,1,2,0,1,2,0,1,2,0,1,2,0
S0016,0,CT,51,71,23.4,126,71,0,1,0,0,1,0,104,6.0,6.3,170,31,0.73,1,0,1,2,0,1,2,0,1,2,0,1,2,0,1,2,0,1,2,0,1,2,0,1,2,0,1,2,0,1,2,0,1
S0017,1,CT,52,72,23.8,127,72,1,0,1,0,1,0,105,6.1,6.6,175,32,0.76,0,1,2,0,1,2,0,1,2,0,1,2,0,1,2,0,1,2,0,1,2,0,1,2,0,1,2,0,1,2,0,1,2
S0018,0,CT,53,73,24.2,128,73,0,1,0,1,0,0,106,6.3,6.9,180,33,0.79,1,0,0,1,2,0,1,2,0,1,2,0,1,2,0,1,2,0,1,2,0,1,2,0,1,2,0,1,2,0,1,2,0
S0019,1,CT,54,74,24.6,129,74,1,0,1,1,0,0,107,6.4,7.2,185,34,0.82,0,1,1,2,0,1,2,0,1,2,0,1,2,0,1,2,0,1,2,0,1,2,0,1,2,0,1,2,0,1,2,0,1
S0020,0,CT,55,75,21.0,110,75,0,1,0,0,0,1,108,5.1,4.5,190,15,0.85,1,0,2,0,1,2,0,1,2,0,1,2,0,1,2,0,1,2,0,1,2,0,1,2,0,1,2,0,1,2,0,1,2
S0021,1,CT,56,76,21.4,111,76,1,0,1,0,1,1,109,5.2,4.8,195,16,0.88,0,1,0,1,2,0,1,2,0,1,2,0,1,2,0,1,2,0,1,2,0,1,2,0,1,2,0,1,2,0,1,2,0
S0022,0,CT,57,77,21.8,112,77,0,1,0,1,1,1,110,5.4,5.1,200,17,0.91,1,0,1,2,0,1,2,0,1,2,0,1,2,0,1,2,0,1,2,0,1,2,0,1,2,0,1,2,0,1,2,0,1
S0023,1,CT,58,78,22.2,113,78,1,0,1,1,1,1,111,5.5,5.4,205,18,0.94,0,1,2,0,1,2,0,1,2,0,1,2,0,1,2,0,1,2,0,1,2,0,1,2,0,1,2,0,1,2,0,1,2
S0024,0,CT,59,79,22.6,114,79,0,1,0,0,0,0,112,5.7,5.7,210,19,0.97,1,0,0,1,2,0,1,2,0,1,2,0,1,2,0,1,2,0,1,2,0,1,2,0,1,2,0,1,2,0,1,2,0
S0025,1,CT,60,80,23.0,115,80,1,0,1,0,0,0,88,5.8,6.0,215,20,1.0,0,1,1,2,0,1,2,0,1,2,0,1,2,0,1,2,0,1,2,0,1,2,0,1,2,0,1,2,0,1,2,0,1
S0026,0,CT,61,81,23.4,116,81,0,1,0,1,0,0,89,6.0,6.3,220,21,1.03,1,0,2,0,1,2,0,1,2,0,1,2,0,1,2,0,1,2,0,1,2,0,1,2,0,1,2,0,1,2,0,1,2
S0027,1,CT,62,82,23.8,117,82,1,0,1,1,1,0,90,6.1,6.6,225,22,1.06,0,1,0,1,2,0,1,2,0,1,2,0,1,2,0,1,2,0,1,2,0,1,2,0,1,2,0,1,2,0,1,2,0
S0028,0,CT,63,83,24.2,118,83,0,1,0,0,1,1,91,6.3,6.9,230,23,1.09,1,0,1,2,0,1,2,0,1,2,0,1,2,0,1,2,0,1,2,0,1,2,0,1,2,0,1,2,0,1,2,0,1
S0029,1,CT,64,84,24.6,119,84,1,0,1,0,1,1,92,6.4,7.2,235,24,1.12,0,1,2,0,1,2,0,1,2,0,1,2,0,1,2,0,1,2,0,1,2,0,1,2,0,1,2,0,1,2,0,1,2
S0030,0,CT,35,70,21.0,120,70,0,1,0,1,0,1,93,5.1,4.5,90,25,0.7,1,0,0,1,2,0,1,2,0,1,2,0,1,2,0,1,2,0,1,2,0,1,2,0,1,2,0,1,2,0,1,2,0
S0031,1,CT,36,71,21.4,121,71,1,0,1,1,0,1,94,5.2,4.8,95,26,0.73,0,1,1,2,0,1,2,0,1,2,0,1,2,0,1,2,0,1,2,0,1,2,0,1,2,0,1,2,0,1,2,0,1
S0032,0,CT,37,72,21.8,122,72,0,1,0,0,0,0,95,5.4,5.1,100,27,0.76,1,0,2,0,1,2,0,1,2,0,1,2,0,1,2,0,1,2,0,1,2,0,1,2,0,1,2,0,1,2,0,1,2
